{
  "images" : [
    {
      "idiom" : "iphone",
      "scale" : "1x"
    },
    {
      "resizing" : {
        "mode" : "9-part",
        "center" : {
          "mode" : "fill",
          "width" : 1,
          "height" : 1
        },
        "capInsets" : {
          "bottom" : 31,
          "top" : 66,
          "right" : 58,
          "left" : 46
        }
      },
      "idiom" : "iphone",
      "filename" : "SenderTextNodeBkg@2x.png",
      "scale" : "2x"
    },
    {
      "resizing" : {
        "mode" : "9-part",
        "center" : {
          "mode" : "fill",
          "width" : 1,
          "height" : 1
        },
        "capInsets" : {
          "bottom" : 46,
          "top" : 99,
          "right" : 65,
          "left" : 99
        }
      },
      "idiom" : "iphone",
      "filename" : "SenderTextNodeBkg@3x.png",
      "scale" : "3x"
    },
    {
      "idiom" : "ipad",
      "scale" : "1x"
    },
    {
      "idiom" : "ipad",
      "scale" : "2x",
      "filename" : "SenderTextNodeBkg@2x~ipad.png"
    }
  ],
  "info" : {
    "version" : 1,
    "author" : "xcode"
  }
}